[{
	"link": "http://indiatoday.intoday.in/embed/j4osvk04kg",
	"image": "http://media2.intoday.in/indiatoday/images/stories/newswiz-story_647_101616020632.jpg",
	"text": "Grand Finale: Delhi's Springdales crowned champions in grand finale"
}, {
	"link": "http://indiatoday.intoday.in/embed/j4osvk04kg",
	"image": "http://media2.intoday.in/indiatoday/images/stories/newswhiz-video_647_100916011925.jpg",
	"text": "Grand Finale: Delhi's Springdales crowned champions in grand finale"
}, {
	"link": "http://indiatoday.intoday.in/embed/j4osvk04kg",
	"image": "http://media2.intoday.in/indiatoday/images/stories/news-wiz-video_647_100216015157.jpg",
	"text": "Grand Finale: Delhi's Springdales crowned champions in grand finale"
}, {
	"link": "http://indiatoday.intoday.in/embed/j4osvk04kg",
	"image": "http://media2.intoday.in/indiatoday/images/stories/new-wiz_647_092516021855.jpg",
	"text": "Grand Finale: Delhi's Springdales crowned champions in grand finale"
}, {
	"link": "http://indiatoday.intoday.in/embed/j4osvk04kg",
	"image": "http://media2.intoday.in/indiatoday/images/stories/news-wiz-video_647_091816012922.jpg",
	"text": "Grand Finale: Delhi's Springdales crowned champions in grand finale"
}, {
	"link": "http://indiatoday.intoday.in/embed/j4osvk04kg",
	"image": "http://media2.intoday.in/indiatoday/images/stories/news-wiz-with-rajdeep-sardesai-video_647_091116020206.jpg",
	"text": "Grand Finale: Delhi's Springdales crowned champions in grand finale"
}, {
	"link": "http://indiatoday.intoday.in/embed/j4osvk04kg",
	"image": "http://media2.intoday.in/indiatoday/images/stories/news-wiz-by-rajdeep-sardesai-video_647_090416125732.jpg",
	"text": "Grand Finale: Delhi's Springdales crowned champions in grand finale"
}, {
	"link": "http://indiatoday.intoday.in/embed/j4osvk04kg",
	"image": "http://media2.intoday.in/indiatoday/images/stories/news-wiz-video_647_082816014538.jpg",
	"text": "Grand Finale: Delhi's Springdales crowned champions in grand finale"
}, {
	"link": "http://indiatoday.intoday.in/embed/j4osvk04kg",
	"image": "http://media2.intoday.in/indiatoday/images/stories/news-wiz-video_647_082116021429.jpg",
	"text": "Grand Finale: Delhi's Springdales crowned champions in grand finale"
}, {
	"link": "http://indiatoday.intoday.in/embed/j4osvk04kg",
	"image": "http://media2.intoday.in/indiatoday/resources/newswiz-2017/newimages/episode4.jpg",
	"text": "Grand Finale: Delhi's Springdales crowned champions in grand finale"
}, {
	"link": "http://indiatoday.intoday.in/embed/j4osvk04kg",
	"image": "http://media2.intoday.in/indiatoday/images/stories/news-wiz-video_647_080716124828.jpg",
	"text": "Grand Finale: Delhi's Springdales crowned champions in grand finale"
}, {
	"link": "http://indiatoday.intoday.in/embed/j4osvk04kg",
	"image": "http://media2.intoday.in/indiatoday/images/stories/news-wiz-video_647_073116125705.jpg",
	"text": "Grand Finale: Delhi's Springdales crowned champions in grand finale"
}, {
	"link": "http://indiatoday.intoday.in/embed/j4osvk04kg",
	"image": "http://media2.intoday.in/indiatoday/resources/newswiz-2017/newimages/ep1.jpg",
	"text": "Grand Finale: Delhi's Springdales crowned champions in grand finale"
}, {
	"link": "http://indiatoday.intoday.in/embed/j4osvk04kg",
	"image": "http://media2.intoday.in/indiatoday/images/stories/puri-video_647_101616031224.jpg",
	"text": "Grand Finale: Delhi's Springdales crowned champions in grand finale"
}, {
	"link": "http://indiatoday.intoday.in/embed/j4osvk04kg",
	"image": "http://media2.intoday.in/indiatoday/images/stories/parents-video_647_101616030856.jpg",
	"text": "Grand Finale: Delhi's Springdales crowned champions in grand finale"
}, {
	"link": "http://indiatoday.intoday.in/embed/j4osvk04kg",
	"image": "http://media2.intoday.in/indiatoday/images/stories/rahul-video_647_101616030054.jpg",
	"text": "Grand Finale: Delhi's Springdales crowned champions in grand finale"
}, {
	"link": "http://indiatoday.intoday.in/embed/j4osvk04kg",
	"image": "http://media2.intoday.in/indiatoday/images/stories/rajdeep-video_647_101616030444.jpg",
	"text": "Grand Finale: Delhi's Springdales crowned champions in grand finale"
}, {
	"link": "http://indiatoday.intoday.in/embed/j4osvk04kg",
	"image": "http://media2.intoday.in/indiatoday/images/stories/news-wiz-video_647_091116020517.jpg",
	"text": "Grand Finale: Delhi's Springdales crowned champions in grand finale"
}, {
	"link": "http://indiatoday.intoday.in/embed/j4osvk04kg",
	"image": "http://media2.intoday.in/indiatoday/images/stories/khushboo-sundar-video_647_082116010306.jpg",
	"text": "Grand Finale: Delhi's Springdales crowned champions in grand finale"
}, {
	"link": "http://indiatoday.intoday.in/embed/j4osvk04kg",
	"image": "http://media2.intoday.in/indiatoday/resources/newswiz-2017/newimages/ep4dance.jpg",
	"text": "Grand Finale: Delhi's Springdales crowned champions in grand finale"
}, {
	"link": "http://indiatoday.intoday.in/embed/j4osvk04kg",
	"image": "http://media2.intoday.in/indiatoday/images/stories/sachin-pilot-video_647_081416032630.jpg",
	"text": "Grand Finale: Delhi's Springdales crowned champions in grand finale"
}, {
	"link": "http://indiatoday.intoday.in/embed/j4osvk04kg",
	"image": "http://media2.intoday.in/indiatoday/images/stories/rap-song-video_647_080716020800.jpg",
	"text": "Grand Finale: Delhi's Springdales crowned champions in grand finale"
}, {
	"link": "http://indiatoday.intoday.in/embed/j4osvk04kg",
	"image": "http://media2.intoday.in/indiatoday/images/stories/off-drive-video_647_080716012248.jpg",
	"text": "Grand Finale: Delhi's Springdales crowned champions in grand finale"
}, {
	"link": "http://indiatoday.intoday.in/embed/j4osvk04kg",
	"image": "http://media2.intoday.in/indiatoday/images/stories/vijender-singh-video_647_073116014120.jpg",
	"text": "Grand Finale: Delhi's Springdales crowned champions in grand finale"
}, {
	"link": "http://indiatoday.intoday.in/embed/j4osvk04kg",
	"image": "http://media2.intoday.in/indiatoday/images/stories/suresh-raina-news-wiz-video_647_072416031644.jpg",
	"text": "Grand Finale: Delhi's Springdales crowned champions in grand finale"
}, {
	"link": "http://indiatoday.intoday.in/embed/j4osvk04kg",
	"image": "http://media2.intoday.in/indiatoday/images/stories/kabali-on-news-wiz-video_647_072416020254.jpg",
	"text": "Grand Finale: Delhi's Springdales crowned champions in grand finale"
}, {
	"link": "http://indiatoday.intoday.in/embed/j4osvk04kg",
	"image": "http://media2.intoday.in/indiatoday/images/stories/suresh-raina-news-wiz-video_647_072416031644.jpg",
	"text": "Grand Finale: Delhi's Springdales crowned champions in grand finale"
}]